{
  "colors": {
    "root": {
      "param_label": "FFD3DEE4",
      "part_group_label": "FFFD9A4D",
      "root_background": "FF222222",
      "icon_stroke_color": "FFD3DEE4",
      "icon_pw_stroke_color": "FF2EB8D1",
      "text_edit_text": "FFD3DEE4",
      "text_edit_outline_low": "FF333333",
      "text_edit_outline_high": "FF555555",
      "text_edit_background_low": "FF555555",
      "text_edit_background_high": "FF777777",
      "selector_label_text": "FFFD9A4D",
      "selector_label_outline_low": "FFDA6102",
      "selector_label_outline_high": "FFFD9A4D",
      "selector_label_background_low": "FF444444",
      "selector_label_background_high": "FF777777",
      "tooltip_text": "FFD3DEE4",
      "tooltip_outline_low": "FF333333",
      "tooltip_outline_high": "FF555555",
      "tooltip_background_low": "FF555555",
      "tooltip_background_high": "FF777777",
      "dialog_text": "FFD3DEE4",
      "dialog_header_text": "FFFD9A4D",
      "dialog_outline_low": "FF333333",
      "dialog_outline_high": "FF555555",
      "dialog_background_low": "FF555555",
      "dialog_background_high": "FF777777",
      "file_box_background": "FF222222",
      "file_box_title": "FFFD9A4D",
      "file_box_file_text": "FFD3DEE4",
      "file_box_file_background": "FF333333",
      "file_box_label_text": "FFD3DEE4",
      "file_box_label_background": "FF14525D",
      "file_box_button_text": "FFD3DEE4",
      "file_box_button_background": "FF14525D",
      "file_box_selector_text": "FFD3DEE4",
      "file_box_selector_highlight": "FF14525D",
      "file_box_selector_highlight_text": "FFD3DEE4",
      "part_graph_grid": "FF0D363E",
      "part_graph_area": "A0FD9A4D",
      "part_graph_line": "FFFD9A4D",
      "part_graph_fill_low": "FF111111",
      "part_graph_fill_high": "FF222222",
      "part_graph_outline_low": "FFDA6102",
      "part_graph_outline_high": "FFFD9A4D",
      "part_group_container_fill_low": "FF333333",
      "part_group_container_fill_high": "FF444444",
      "part_group_container_outline_low": "FF444444",
      "part_group_container_outline_high": "FF555555",
      "button_text": "FFD3DEE4",
      "button_outline_low": "FFDA6102",
      "button_outline_high": "FFFD9A4D",
      "button_background_low": "FF0D363E",
      "button_background_high": "FF14525D",
      "button_over_background_low": "FF145561",
      "button_over_background_high": "FF1B6E7D",
      "button_down_background_low": "FF1C7485",
      "button_down_background_high": "FF228B9E",
      "tab_button_text": "FFD3DEE4",
      "tab_button_outline_low": "FFDA6102",
      "tab_button_outline_high": "FFFD9A4D",
      "tab_button_background_low": "FF444444",
      "tab_button_background_high": "FF777777",
      "tab_button_highlight_background_low": "FF0D363E",
      "tab_button_highlight_background_high": "FF14525D",
      "dropdown_text": "FFD3DEE4",
      "dropdown_outline_low": "FFDA6102",
      "dropdown_outline_high": "FFFD9A4D",
      "dropdown_background_low": "FF444444",
      "dropdown_background_high": "FF777777",
      "dropdown_highlight_background_low": "FF0D363E",
      "dropdown_highlight_background_high": "FF14525D",
      "dropdown_tick_spot_fill_low": "00222222",
      "dropdown_tick_spot_fill_high": "80BBBBBB",
      "dropdown_tick_gradient_fill_low": "FF14525D",
      "dropdown_tick_gradient_fill_high": "FF2EB8D1",
      "knob_highlight_low": "FF111111",
      "knob_highlight_high": "FFAAAAAA",
      "knob_outline_low": "FF14525D",
      "knob_outline_high": "FF2EB8D1",
      "knob_outline_inactive": "FF666666",
      "knob_cuts_inward_low": "FFDA6102",
      "knob_cuts_outward_low": "80DA6102",
      "knob_cuts_inward_high": "FFFD9A4D",
      "knob_cuts_outward_high": "80FD9A4D",
      "knob_thumb_inward_low": "80228A9C",
      "knob_thumb_outward_low": "FF228A9C",
      "knob_thumb_inward_high": "802EB8D1",
      "knob_thumb_outward_high": "FF2EB8D1",
      "knob_center_stroke_low": "FFDA6102",
      "knob_center_stroke_high": "FFFD9A4D",
      "knob_spot_fill_low": "00222222",
      "knob_spot_fill_high": "80BBBBBB",
      "knob_gradient_fill_low": "FF222222",
      "knob_gradient_fill_high": "FF999999",
      "slider_center_fill": "FF444444",
      "slider_track_low": "FF14525D",
      "slider_track_high": "FF2EB8D1",
      "slider_track_inactive": "FF222222",
      "slider_highlight_low": "FF444444",
      "slider_highlight_high": "FFAAAAAA",
      "slider_spot_fill_low": "00222222",
      "slider_spot_fill_high": "80BBBBBB",
      "slider_gradient_fill_low": "E0DA6102",
      "slider_gradient_fill_high": "E0FD9A4D",
      "switch_outline_low": "FF14525D",
      "switch_outline_high": "FF2EB8D1",
      "switch_spot_fill_low": "00222222",
      "switch_spot_fill_high": "80BBBBBB",
      "switch_gradient_fill_low_on": "A0DA6102",
      "switch_gradient_fill_high_on": "A0FD9A4D",
      "switch_gradient_fill_center_low": "FF222222",
      "switch_gradient_fill_center_high": "FF999999"
    },
    "audio": {
      "slider_track_low": "FFAE3A25",
      "slider_track_high": "FFDC7562",
      "switch_outline_low": "FFAE3A25",
      "switch_outline_high": "FFDC7562",
      "part_graph_grid": "FF5D1F14",
      "part_graph_area": "A0228B9E",
      "part_graph_line": "FF228B9E",
      "part_graph_outline_low": "FF14525D",
      "part_graph_outline_high": "FF259AAE",
      "knob_outline_low": "FFAE3A25",
      "knob_outline_high": "FFDC7562",
      "knob_thumb_inward_low": "80DC7562",
      "knob_thumb_outward_low": "FFDC7562",
      "knob_thumb_inward_high": "80E49789",
      "knob_thumb_outward_high": "FFE49789",
      "dropdown_tick_gradient_fill_low": "FFAE3A25",
      "dropdown_tick_gradient_fill_high": "FFDC7562",
      "dropdown_highlight_background_low": "FF3E150D",
      "dropdown_highlight_background_high": "FFAE3A25",
      "part_group_container_fill_low": "FF3E150D",
      "part_group_container_fill_high": "FF5D1F14",
      "part_group_container_outline_low": "FF5D1F14",
      "part_group_container_outline_high": "FFAE3925",
      "tab_button_highlight_background_low": "FF3E150D",
      "tab_button_highlight_background_high": "FF5D1F14"
    },
    "cv": {
      "part_group_container_fill_low": "FF0D363E",
      "part_group_container_fill_high": "FF14525D",
      "part_group_container_outline_low": "FF14525D",
      "part_group_container_outline_high": "FF259AAE"
    }
  }
}