﻿<?xml version="1.0" encoding="utf-8"?><HelpTOCNode Title="XtPrint Methods" Url="html/11d2e4ea-341e-2610-d78d-71eda214dfdb.htm"><HelpTOCNode Title="AttributesToString Method " Url="html/58c15742-4ef5-7efe-27d3-a552d88c3a89.htm" /><HelpTOCNode Title="BufferToString Method " Url="html/f5f55a5e-a315-e36a-27e6-a0aa48426e67.htm" /><HelpTOCNode Title="CapabilitiesToString Method " Url="html/86fa6349-46da-7f11-8011-56731993bbee.htm" /><HelpTOCNode Title="CauseToString Method " Url="html/ae9c026a-f7e0-7748-be66-de0d047f8b8a.htm" /><HelpTOCNode Title="ChannelsToString Method " Url="html/a6de0f82-e06c-e922-21ed-a4851970f52a.htm" /><HelpTOCNode Title="ErrorToString Method " Url="html/b96bf53a-e0ef-7e93-d27d-5ca651159687.htm" /><HelpTOCNode Title="FormatToString Method " Url="html/02769e17-dce3-613e-6e31-ce4566a6f5d9.htm" /><HelpTOCNode Title="LatencyToString Method " Url="html/62caec44-9def-22da-2251-4aa2d0e4e980.htm" /><HelpTOCNode Title="LevelToString Method " Url="html/13b4bc2b-5f6d-dc9e-e6bd-268224567663.htm" /><HelpTOCNode Title="MixToString Method " Url="html/1800e456-ea4d-ebe5-e69f-56d3a1314eee.htm" /><HelpTOCNode Title="SampleToString Method " Url="html/07c3011f-7da6-b625-2d66-045247a9f20c.htm" /><HelpTOCNode Title="SetupToString Method " Url="html/fad5081f-f918-3a83-e5d4-c513a126d34d.htm" /><HelpTOCNode Title="SystemToString Method " Url="html/afc0e030-1773-4860-4459-5ee9f93b5e38.htm" /></HelpTOCNode>