﻿<?xml version="1.0" encoding="utf-8"?><HelpTOCNode Title="XtStream Methods" Url="html/62d2e4b5-2468-6ffa-a93d-67e7d3356fae.htm"><HelpTOCNode Title="Dispose Method " Url="html/468995de-b798-13c2-e8cc-055a5b594a2e.htm" /><HelpTOCNode Title="GetFormat Method " Url="html/aa349ee5-52ad-e19e-d73b-2a11ad738033.htm" /><HelpTOCNode Title="GetFrames Method " Url="html/7df7ad8f-cd17-c563-3de8-4302810b5e18.htm" /><HelpTOCNode Title="GetLatency Method " Url="html/73dd3872-0a83-f08f-5882-50b4edfadfdc.htm" /><HelpTOCNode Title="GetSystem Method " Url="html/d85138e9-484b-6c76-4437-d560b06a53c4.htm" /><HelpTOCNode Title="IsInterleaved Method " Url="html/e4b082cd-d6b5-f2f7-c2d2-0ff4de56b724.htm" /><HelpTOCNode Title="IsRaw Method " Url="html/7acbd33e-adf5-e734-54ec-4371ee22fb52.htm" /><HelpTOCNode Title="Start Method " Url="html/f41fdb24-c97c-d335-b17c-952d6744d63a.htm" /><HelpTOCNode Title="Stop Method " Url="html/d00cd3ab-6854-9886-35ae-c17dffa2158d.htm" /></HelpTOCNode>