﻿<?xml version="1.0" encoding="utf-8"?>
<HelpKI>
  <HelpKINode Title="AggregateStream method" Url="html/c95ed7ba-9062-d9c6-baf9-d4667ee2bea2.htm" />
  <HelpKINode Title="Alsa enumeration member" Url="html/7ffff37f-804b-9679-72c3-64bd0d1b3348.htm" />
  <HelpKINode Title="Asio enumeration member" Url="html/7ffff37f-804b-9679-72c3-64bd0d1b3348.htm" />
  <HelpKINode Title="AttributesToString method" Url="html/58c15742-4ef5-7efe-27d3-a552d88c3a89.htm" />
  <HelpKINode Title="BufferToString method" Url="html/f5f55a5e-a315-e36a-27e6-a0aa48426e67.htm" />
  <HelpKINode Title="CapabilitiesToString method" Url="html/86fa6349-46da-7f11-8011-56731993bbee.htm" />
  <HelpKINode Title="CauseToString method" Url="html/ae9c026a-f7e0-7748-be66-de0d047f8b8a.htm" />
  <HelpKINode Title="ChannelMask enumeration member" Url="html/5bdcd905-5193-77cb-327f-7b4a3611316c.htm" />
  <HelpKINode Title="ChannelsToString method" Url="html/a6de0f82-e06c-e922-21ed-a4851970f52a.htm" />
  <HelpKINode Title="ConsumerAudio enumeration member" Url="html/cc4a6dfc-3b77-3c50-483a-9ebcaee134c7.htm" />
  <HelpKINode Title="current field" Url="html/40eb612d-88f7-b084-6588-e768d6bf2807.htm" />
  <HelpKINode Title="Dispose method">
    <HelpKINode Title="XtAudio.Dispose Method " Url="html/eb71e57f-790c-887b-6cba-bff8b206a38f.htm" />
    <HelpKINode Title="XtDevice.Dispose Method " Url="html/21490f0e-138b-0adf-e88e-205f193cc389.htm" />
    <HelpKINode Title="XtStream.Dispose Method " Url="html/468995de-b798-13c2-e8cc-055a5b594a2e.htm" />
  </HelpKINode>
  <HelpKINode Title="DSound enumeration member" Url="html/7ffff37f-804b-9679-72c3-64bd0d1b3348.htm" />
  <HelpKINode Title="Endpoint enumeration member" Url="html/69a4c029-2064-d290-0703-6b89de6e2dc2.htm" />
  <HelpKINode Title="Error enumeration member" Url="html/dcf430a2-dd32-fad3-1d04-88bb67639f91.htm" />
  <HelpKINode Title="ErrorToString method" Url="html/b96bf53a-e0ef-7e93-d27d-5ca651159687.htm" />
  <HelpKINode Title="Fatal enumeration member" Url="html/dcf430a2-dd32-fad3-1d04-88bb67639f91.htm" />
  <HelpKINode Title="Float32 enumeration member" Url="html/eb8b401f-1f73-ef09-1841-991b5ed54282.htm" />
  <HelpKINode Title="Format enumeration member" Url="html/69a4c029-2064-d290-0703-6b89de6e2dc2.htm" />
  <HelpKINode Title="FormatToString method" Url="html/02769e17-dce3-613e-6e31-ce4566a6f5d9.htm" />
  <HelpKINode Title="FullDuplex enumeration member" Url="html/5bdcd905-5193-77cb-327f-7b4a3611316c.htm" />
  <HelpKINode Title="Generic enumeration member" Url="html/69a4c029-2064-d290-0703-6b89de6e2dc2.htm" />
  <HelpKINode Title="GetBuffer method" Url="html/ad2905f6-e8cb-bddf-ec40-d907f88378d2.htm" />
  <HelpKINode Title="GetCapabilities method" Url="html/d8522183-6302-3995-fbe0-436018164d00.htm" />
  <HelpKINode Title="GetCause method" Url="html/c4605c66-bac4-9c87-3dce-58fb1171aaf0.htm" />
  <HelpKINode Title="GetChannelCount method" Url="html/8d5c1382-28ea-1c48-0000-0b043340fb3d.htm" />
  <HelpKINode Title="GetChannelName method" Url="html/8008c530-b7f6-21ab-68b5-d56d9fafbacb.htm" />
  <HelpKINode Title="GetDeviceCount method" Url="html/8f34616c-c416-9a20-1b19-e792085a4a08.htm" />
  <HelpKINode Title="GetError method" Url="html/00bc8b37-58fc-12da-34a1-2b782d54c33f.htm" />
  <HelpKINode Title="GetFault method" Url="html/ac38fcae-ac81-8147-9ef8-d6b556c63f5f.htm" />
  <HelpKINode Title="GetFormat method" Url="html/aa349ee5-52ad-e19e-d73b-2a11ad738033.htm" />
  <HelpKINode Title="GetFrames method" Url="html/7df7ad8f-cd17-c563-3de8-4302810b5e18.htm" />
  <HelpKINode Title="GetLatency method" Url="html/73dd3872-0a83-f08f-5882-50b4edfadfdc.htm" />
  <HelpKINode Title="GetMix method" Url="html/29341ee6-b536-95e7-1ee9-dd56b8e4d16f.htm" />
  <HelpKINode Title="GetName method">
    <HelpKINode Title="XtDevice.GetName Method " Url="html/5ab3aab6-424e-5b74-2558-eceb8d7a7ca2.htm" />
    <HelpKINode Title="XtService.GetName Method " Url="html/9deba804-a407-2b2e-2fde-9c8507ff5528.htm" />
  </HelpKINode>
  <HelpKINode Title="GetSampleAttributes method" Url="html/3bad07e9-0ef8-5992-2087-dcacc54fc174.htm" />
  <HelpKINode Title="GetServiceByIndex method" Url="html/a71459c5-40c3-de0f-c4b9-e7e7469c48b9.htm" />
  <HelpKINode Title="GetServiceBySetup method" Url="html/700a33cd-bc68-7744-30ec-3f8c55053a58.htm" />
  <HelpKINode Title="GetServiceBySystem method" Url="html/26bf36db-32c6-91ef-68d6-a29cd5b93e98.htm" />
  <HelpKINode Title="GetServiceCount method" Url="html/b18de395-e4aa-0135-5a6a-368cc47f27a3.htm" />
  <HelpKINode Title="GetSystem method">
    <HelpKINode Title="XtDevice.GetSystem Method " Url="html/d95dd0d7-8fe0-61a9-9cda-84b295de33c9.htm" />
    <HelpKINode Title="XtException.GetSystem Method " Url="html/a2324080-905d-7fed-9819-3208cf0b7d40.htm" />
    <HelpKINode Title="XtService.GetSystem Method " Url="html/ff345d86-919e-ae2c-7d2b-7fdf0d593bc0.htm" />
    <HelpKINode Title="XtStream.GetSystem Method " Url="html/d85138e9-484b-6c76-4437-d560b06a53c4.htm" />
  </HelpKINode>
  <HelpKINode Title="GetText method" Url="html/1becf6cf-fcfc-1c2a-eaf9-f578a2878dd7.htm" />
  <HelpKINode Title="GetVersion method" Url="html/a7ec1b62-f505-3fe1-e9fe-ba8bc4c47a67.htm" />
  <HelpKINode Title="Info enumeration member" Url="html/dcf430a2-dd32-fad3-1d04-88bb67639f91.htm" />
  <HelpKINode Title="inMask field">
    <HelpKINode Title="XtChannels.inMask Field" Url="html/1cf2611c-2ff6-9146-8930-587ab532c170.htm" />
    <HelpKINode Title="XtFormat.inMask Field" Url="html/eb49ca5d-14cf-db90-51c4-9a60cead39f4.htm" />
  </HelpKINode>
  <HelpKINode Title="input field" Url="html/9a2ee3a2-5aa8-ac28-f78a-3203123f06f1.htm" />
  <HelpKINode Title="inputs field">
    <HelpKINode Title="XtChannels.inputs Field" Url="html/4bf71c9b-d8b9-aed9-75a3-769988798ddc.htm" />
    <HelpKINode Title="XtFormat.inputs Field" Url="html/d51baa28-1ecb-5305-fdec-f3f4ce43f004.htm" />
  </HelpKINode>
  <HelpKINode Title="Int16 enumeration member" Url="html/eb8b401f-1f73-ef09-1841-991b5ed54282.htm" />
  <HelpKINode Title="Int24 enumeration member" Url="html/eb8b401f-1f73-ef09-1841-991b5ed54282.htm" />
  <HelpKINode Title="Int32 enumeration member" Url="html/eb8b401f-1f73-ef09-1841-991b5ed54282.htm" />
  <HelpKINode Title="isFloat field" Url="html/068b16b9-d69b-2366-ba3f-bc8c1c95247f.htm" />
  <HelpKINode Title="IsInterleaved method" Url="html/e4b082cd-d6b5-f2f7-c2d2-0ff4de56b724.htm" />
  <HelpKINode Title="IsRaw method" Url="html/7acbd33e-adf5-e734-54ec-4371ee22fb52.htm" />
  <HelpKINode Title="isSigned field" Url="html/0937314e-26c6-eaa2-6f7f-d31f957ccd8b.htm" />
  <HelpKINode Title="IsWin32 method" Url="html/1b802733-91aa-c8b4-6a43-4f007137ff6b.htm" />
  <HelpKINode Title="Jack enumeration member" Url="html/7ffff37f-804b-9679-72c3-64bd0d1b3348.htm" />
  <HelpKINode Title="Latency enumeration member" Url="html/5bdcd905-5193-77cb-327f-7b4a3611316c.htm" />
  <HelpKINode Title="LatencyToString method" Url="html/62caec44-9def-22da-2251-4aa2d0e4e980.htm" />
  <HelpKINode Title="LevelToString method" Url="html/13b4bc2b-5f6d-dc9e-e6bd-268224567663.htm" />
  <HelpKINode Title="max field" Url="html/dac57727-1db9-eb37-25e1-ce1e4a105f01.htm" />
  <HelpKINode Title="min field" Url="html/72291163-d436-00e7-6fab-566e171e1737.htm" />
  <HelpKINode Title="mix field" Url="html/12708f72-6dce-31b2-09d1-cee6854c19d8.htm" />
  <HelpKINode Title="MixToString method" Url="html/1800e456-ea4d-ebe5-e69f-56d3a1314eee.htm" />
  <HelpKINode Title="None enumeration member" Url="html/5bdcd905-5193-77cb-327f-7b4a3611316c.htm" />
  <HelpKINode Title="OpenDefaultDevice method" Url="html/1e9929cb-9b31-f40a-af0a-e8da6b12823b.htm" />
  <HelpKINode Title="OpenDevice method" Url="html/fc131827-3eb6-0db7-16d8-2edf35bfa1cc.htm" />
  <HelpKINode Title="OpenStream method" Url="html/209e9d73-db1a-6853-d19c-78ef92f60f9c.htm" />
  <HelpKINode Title="outMask field">
    <HelpKINode Title="XtChannels.outMask Field" Url="html/b4e9669d-4e24-7b56-7cab-8191485c62a8.htm" />
    <HelpKINode Title="XtFormat.outMask Field" Url="html/359aaf13-ac67-efa7-5d3c-0a6e13b893fd.htm" />
  </HelpKINode>
  <HelpKINode Title="output field" Url="html/d8896ebb-d3b6-1a9e-f5df-521bd2b80a03.htm" />
  <HelpKINode Title="outputs field">
    <HelpKINode Title="XtChannels.outputs Field" Url="html/dbd8fe39-199c-e264-9166-1eef36939fcb.htm" />
    <HelpKINode Title="XtFormat.outputs Field" Url="html/33a606f1-9bd3-7032-b414-d8a076111f40.htm" />
  </HelpKINode>
  <HelpKINode Title="ProAudio enumeration member" Url="html/cc4a6dfc-3b77-3c50-483a-9ebcaee134c7.htm" />
  <HelpKINode Title="Pulse enumeration member" Url="html/7ffff37f-804b-9679-72c3-64bd0d1b3348.htm" />
  <HelpKINode Title="rate field" Url="html/7e463073-4264-a520-2c2a-f46446d068ce.htm" />
  <HelpKINode Title="sample field" Url="html/8e181e4b-8dbd-dce2-19c0-9c4d3bf7fb97.htm" />
  <HelpKINode Title="SampleToString method" Url="html/07c3011f-7da6-b625-2d66-045247a9f20c.htm" />
  <HelpKINode Title="Service enumeration member" Url="html/69a4c029-2064-d290-0703-6b89de6e2dc2.htm" />
  <HelpKINode Title="SetupToString method" Url="html/fad5081f-f918-3a83-e5d4-c513a126d34d.htm" />
  <HelpKINode Title="ShowControlPanel method" Url="html/724b2ad6-672b-35d3-969d-95ae43294537.htm" />
  <HelpKINode Title="size field" Url="html/e670caf0-eda3-bf2a-7561-84bf41f653d5.htm" />
  <HelpKINode Title="Start method" Url="html/f41fdb24-c97c-d335-b17c-952d6744d63a.htm" />
  <HelpKINode Title="Stop method" Url="html/d00cd3ab-6854-9886-35ae-c17dffa2158d.htm" />
  <HelpKINode Title="SupportsAccess method" Url="html/009c2a0f-c388-c4c4-4a66-9f0561967da6.htm" />
  <HelpKINode Title="SupportsFormat method" Url="html/0a3b56e6-f1a6-60c5-812b-573d4bdf47a7.htm" />
  <HelpKINode Title="SystemAudio enumeration member" Url="html/cc4a6dfc-3b77-3c50-483a-9ebcaee134c7.htm" />
  <HelpKINode Title="SystemToString method" Url="html/afc0e030-1773-4860-4459-5ee9f93b5e38.htm" />
  <HelpKINode Title="Time enumeration member" Url="html/5bdcd905-5193-77cb-327f-7b4a3611316c.htm" />
  <HelpKINode Title="ToString method">
    <HelpKINode Title="XtAttributes.ToString Method " Url="html/d957c709-a8b3-42a6-8c87-562cfa73f6bf.htm" />
    <HelpKINode Title="XtBuffer.ToString Method " Url="html/77307c4a-641f-ba7a-b2c1-9563b416956b.htm" />
    <HelpKINode Title="XtChannels.ToString Method " Url="html/00542ed4-d368-39ba-7197-0e168dc82012.htm" />
    <HelpKINode Title="XtDevice.ToString Method " Url="html/8dbf7246-fd3e-4a77-84bc-9200e0592151.htm" />
    <HelpKINode Title="XtException.ToString Method " Url="html/033e403f-6b10-c7a5-60d2-78feb55fe301.htm" />
    <HelpKINode Title="XtFormat.ToString Method " Url="html/b1fb4642-a281-9d3e-0748-82177405279a.htm" />
    <HelpKINode Title="XtLatency.ToString Method " Url="html/25ebb0c8-5d75-8eb4-e4aa-3ebb45b5a142.htm" />
    <HelpKINode Title="XtMix.ToString Method " Url="html/5d892177-0a1f-b973-2209-7b186598aee3.htm" />
    <HelpKINode Title="XtService.ToString Method " Url="html/6a4b0b05-c76e-c9b7-6445-38d847736cbf.htm" />
  </HelpKINode>
  <HelpKINode Title="UInt8 enumeration member" Url="html/eb8b401f-1f73-ef09-1841-991b5ed54282.htm" />
  <HelpKINode Title="Unknown enumeration member" Url="html/69a4c029-2064-d290-0703-6b89de6e2dc2.htm" />
  <HelpKINode Title="Wasapi enumeration member" Url="html/7ffff37f-804b-9679-72c3-64bd0d1b3348.htm" />
  <HelpKINode Title="XRunDetection enumeration member" Url="html/5bdcd905-5193-77cb-327f-7b4a3611316c.htm" />
  <HelpKINode Title="Xt namespace" Url="html/e964d1f7-3256-f12a-1bef-f69729672a6b.htm" />
  <HelpKINode Title="Xt.XtAttributes class" Url="html/0c6b0065-4010-899a-6ae0-962d918c197e.htm" />
  <HelpKINode Title="Xt.XtAudio class" Url="html/08dcc60f-95d9-f198-0c92-8a1df068f432.htm" />
  <HelpKINode Title="Xt.XtBuffer class" Url="html/2639342d-2732-57da-da90-2eb2b2636014.htm" />
  <HelpKINode Title="Xt.XtCapabilities enumeration" Url="html/5bdcd905-5193-77cb-327f-7b4a3611316c.htm" />
  <HelpKINode Title="Xt.XtCause enumeration" Url="html/69a4c029-2064-d290-0703-6b89de6e2dc2.htm" />
  <HelpKINode Title="Xt.XtChannels class" Url="html/d72d5195-9913-702d-2c6f-2dd95f2ec41c.htm" />
  <HelpKINode Title="Xt.XtDevice class" Url="html/59118034-d4f0-642b-f34f-08235851415c.htm" />
  <HelpKINode Title="Xt.XtException class" Url="html/6d9715c8-4e0b-b4a2-b981-bdf246d8fb2c.htm" />
  <HelpKINode Title="Xt.XtFatalCallback delegate" Url="html/7514cbcb-542e-9b3d-2a9e-41c35ce4f5b5.htm" />
  <HelpKINode Title="Xt.XtFormat class" Url="html/0158f0b6-8cf6-0dae-54cd-8dce14a6a5b6.htm" />
  <HelpKINode Title="Xt.XtLatency class" Url="html/0b71bee2-e9d3-f6e2-084f-72e1db2d9a2d.htm" />
  <HelpKINode Title="Xt.XtLevel enumeration" Url="html/dcf430a2-dd32-fad3-1d04-88bb67639f91.htm" />
  <HelpKINode Title="Xt.XtMix class" Url="html/97a9295e-c270-98af-fd99-557e82a78e2e.htm" />
  <HelpKINode Title="Xt.XtPrint class" Url="html/559e397a-21c5-f3a4-c49c-bb939a5a66df.htm" />
  <HelpKINode Title="Xt.XtSample enumeration" Url="html/eb8b401f-1f73-ef09-1841-991b5ed54282.htm" />
  <HelpKINode Title="Xt.XtService class" Url="html/007ab092-40f1-1cf0-f1d5-81075faf43f1.htm" />
  <HelpKINode Title="Xt.XtSetup enumeration" Url="html/cc4a6dfc-3b77-3c50-483a-9ebcaee134c7.htm" />
  <HelpKINode Title="Xt.XtStream class" Url="html/a96c08ba-c8bc-e573-34fe-4d448c282d16.htm" />
  <HelpKINode Title="Xt.XtStreamCallback delegate" Url="html/ebd44fb3-4d78-09a0-3e10-018dcab4e4f4.htm" />
  <HelpKINode Title="Xt.XtSystem enumeration" Url="html/7ffff37f-804b-9679-72c3-64bd0d1b3348.htm" />
  <HelpKINode Title="Xt.XtTraceCallback delegate" Url="html/097bba76-7708-9980-6241-beefe25ebfc3.htm" />
  <HelpKINode Title="Xt.XtXRunCallback delegate" Url="html/33a61f65-25af-9d66-0e13-12d107ff2b94.htm" />
  <HelpKINode Title="XtAttributes class">
    <HelpKINode Title="XtAttributes Class" Url="html/0c6b0065-4010-899a-6ae0-962d918c197e.htm" />
    <HelpKINode Title="constructor" Url="html/c20678b2-b6b5-f02d-4d68-fc83f5b40522.htm" />
    <HelpKINode Title="fields" Url="html/6e72e519-b114-b239-ac4a-a4927676a267.htm" />
    <HelpKINode Title="methods" Url="html/8831e66d-b66d-53b7-6254-945f2260cbe5.htm" />
  </HelpKINode>
  <HelpKINode Title="XtAttributes.isFloat field" Url="html/068b16b9-d69b-2366-ba3f-bc8c1c95247f.htm" />
  <HelpKINode Title="XtAttributes.isSigned field" Url="html/0937314e-26c6-eaa2-6f7f-d31f957ccd8b.htm" />
  <HelpKINode Title="XtAttributes.size field" Url="html/e670caf0-eda3-bf2a-7561-84bf41f653d5.htm" />
  <HelpKINode Title="XtAttributes.ToString method" Url="html/d957c709-a8b3-42a6-8c87-562cfa73f6bf.htm" />
  <HelpKINode Title="XtAttributes.XtAttributes constructor" Url="html/c20678b2-b6b5-f02d-4d68-fc83f5b40522.htm" />
  <HelpKINode Title="XtAudio class">
    <HelpKINode Title="XtAudio Class" Url="html/08dcc60f-95d9-f198-0c92-8a1df068f432.htm" />
    <HelpKINode Title="constructor" Url="html/c4bde558-2bc8-043c-cc7a-02059a687ac7.htm" />
    <HelpKINode Title="methods" Url="html/27eeaa6b-5ff8-95f9-b6de-14df7b74b628.htm" />
  </HelpKINode>
  <HelpKINode Title="XtAudio.Dispose method" Url="html/eb71e57f-790c-887b-6cba-bff8b206a38f.htm" />
  <HelpKINode Title="XtAudio.GetSampleAttributes method" Url="html/3bad07e9-0ef8-5992-2087-dcacc54fc174.htm" />
  <HelpKINode Title="XtAudio.GetServiceByIndex method" Url="html/a71459c5-40c3-de0f-c4b9-e7e7469c48b9.htm" />
  <HelpKINode Title="XtAudio.GetServiceBySetup method" Url="html/700a33cd-bc68-7744-30ec-3f8c55053a58.htm" />
  <HelpKINode Title="XtAudio.GetServiceBySystem method" Url="html/26bf36db-32c6-91ef-68d6-a29cd5b93e98.htm" />
  <HelpKINode Title="XtAudio.GetServiceCount method" Url="html/b18de395-e4aa-0135-5a6a-368cc47f27a3.htm" />
  <HelpKINode Title="XtAudio.GetVersion method" Url="html/a7ec1b62-f505-3fe1-e9fe-ba8bc4c47a67.htm" />
  <HelpKINode Title="XtAudio.IsWin32 method" Url="html/1b802733-91aa-c8b4-6a43-4f007137ff6b.htm" />
  <HelpKINode Title="XtAudio.XtAudio constructor" Url="html/c4bde558-2bc8-043c-cc7a-02059a687ac7.htm" />
  <HelpKINode Title="XtBuffer class">
    <HelpKINode Title="XtBuffer Class" Url="html/2639342d-2732-57da-da90-2eb2b2636014.htm" />
    <HelpKINode Title="constructor" Url="html/1dd4e592-e4a6-bb62-e897-0996cc0247de.htm" />
    <HelpKINode Title="fields" Url="html/7585d21a-1234-230c-96f5-aa6d31c2a6a1.htm" />
    <HelpKINode Title="methods" Url="html/2e6eb819-65ec-d517-630f-879c817a6f13.htm" />
  </HelpKINode>
  <HelpKINode Title="XtBuffer.current field" Url="html/40eb612d-88f7-b084-6588-e768d6bf2807.htm" />
  <HelpKINode Title="XtBuffer.max field" Url="html/dac57727-1db9-eb37-25e1-ce1e4a105f01.htm" />
  <HelpKINode Title="XtBuffer.min field" Url="html/72291163-d436-00e7-6fab-566e171e1737.htm" />
  <HelpKINode Title="XtBuffer.ToString method" Url="html/77307c4a-641f-ba7a-b2c1-9563b416956b.htm" />
  <HelpKINode Title="XtBuffer.XtBuffer constructor" Url="html/1dd4e592-e4a6-bb62-e897-0996cc0247de.htm" />
  <HelpKINode Title="XtCapabilities enumeration" Url="html/5bdcd905-5193-77cb-327f-7b4a3611316c.htm" />
  <HelpKINode Title="XtCause enumeration" Url="html/69a4c029-2064-d290-0703-6b89de6e2dc2.htm" />
  <HelpKINode Title="XtChannels class">
    <HelpKINode Title="XtChannels Class" Url="html/d72d5195-9913-702d-2c6f-2dd95f2ec41c.htm" />
    <HelpKINode Title="constructor" Url="html/ef567881-b773-63c0-636f-3d4c9aa4f8a7.htm" />
    <HelpKINode Title="fields" Url="html/4fd51623-608b-bf17-f16f-0fbbaf302810.htm" />
    <HelpKINode Title="methods" Url="html/aeefd0e8-c5ed-81ea-04f7-5fa83b3bbf8e.htm" />
  </HelpKINode>
  <HelpKINode Title="XtChannels.inMask field" Url="html/1cf2611c-2ff6-9146-8930-587ab532c170.htm" />
  <HelpKINode Title="XtChannels.inputs field" Url="html/4bf71c9b-d8b9-aed9-75a3-769988798ddc.htm" />
  <HelpKINode Title="XtChannels.outMask field" Url="html/b4e9669d-4e24-7b56-7cab-8191485c62a8.htm" />
  <HelpKINode Title="XtChannels.outputs field" Url="html/dbd8fe39-199c-e264-9166-1eef36939fcb.htm" />
  <HelpKINode Title="XtChannels.ToString method" Url="html/00542ed4-d368-39ba-7197-0e168dc82012.htm" />
  <HelpKINode Title="XtChannels.XtChannels constructor" Url="html/ef567881-b773-63c0-636f-3d4c9aa4f8a7.htm" />
  <HelpKINode Title="XtDevice class">
    <HelpKINode Title="XtDevice Class" Url="html/59118034-d4f0-642b-f34f-08235851415c.htm" />
    <HelpKINode Title="methods" Url="html/7bbc0d4c-354b-8354-2a4f-7e9cc21faae2.htm" />
  </HelpKINode>
  <HelpKINode Title="XtDevice.Dispose method" Url="html/21490f0e-138b-0adf-e88e-205f193cc389.htm" />
  <HelpKINode Title="XtDevice.GetBuffer method" Url="html/ad2905f6-e8cb-bddf-ec40-d907f88378d2.htm" />
  <HelpKINode Title="XtDevice.GetChannelCount method" Url="html/8d5c1382-28ea-1c48-0000-0b043340fb3d.htm" />
  <HelpKINode Title="XtDevice.GetChannelName method" Url="html/8008c530-b7f6-21ab-68b5-d56d9fafbacb.htm" />
  <HelpKINode Title="XtDevice.GetMix method" Url="html/29341ee6-b536-95e7-1ee9-dd56b8e4d16f.htm" />
  <HelpKINode Title="XtDevice.GetName method" Url="html/5ab3aab6-424e-5b74-2558-eceb8d7a7ca2.htm" />
  <HelpKINode Title="XtDevice.GetSystem method" Url="html/d95dd0d7-8fe0-61a9-9cda-84b295de33c9.htm" />
  <HelpKINode Title="XtDevice.OpenStream method" Url="html/209e9d73-db1a-6853-d19c-78ef92f60f9c.htm" />
  <HelpKINode Title="XtDevice.ShowControlPanel method" Url="html/724b2ad6-672b-35d3-969d-95ae43294537.htm" />
  <HelpKINode Title="XtDevice.SupportsAccess method" Url="html/009c2a0f-c388-c4c4-4a66-9f0561967da6.htm" />
  <HelpKINode Title="XtDevice.SupportsFormat method" Url="html/0a3b56e6-f1a6-60c5-812b-573d4bdf47a7.htm" />
  <HelpKINode Title="XtDevice.ToString method" Url="html/8dbf7246-fd3e-4a77-84bc-9200e0592151.htm" />
  <HelpKINode Title="XtException class">
    <HelpKINode Title="XtException Class" Url="html/6d9715c8-4e0b-b4a2-b981-bdf246d8fb2c.htm" />
    <HelpKINode Title="methods" Url="html/e2b72714-0fe8-681b-b0f8-c9ab6d0b9999.htm" />
    <HelpKINode Title="properties" Url="html/b6c5509a-1d55-e032-0610-d7be23e1122f.htm" />
  </HelpKINode>
  <HelpKINode Title="XtException.GetCause method" Url="html/c4605c66-bac4-9c87-3dce-58fb1171aaf0.htm" />
  <HelpKINode Title="XtException.GetError method" Url="html/00bc8b37-58fc-12da-34a1-2b782d54c33f.htm" />
  <HelpKINode Title="XtException.GetFault method" Url="html/ac38fcae-ac81-8147-9ef8-d6b556c63f5f.htm" />
  <HelpKINode Title="XtException.GetSystem method" Url="html/a2324080-905d-7fed-9819-3208cf0b7d40.htm" />
  <HelpKINode Title="XtException.GetText method" Url="html/1becf6cf-fcfc-1c2a-eaf9-f578a2878dd7.htm" />
  <HelpKINode Title="XtException.ToString method" Url="html/033e403f-6b10-c7a5-60d2-78feb55fe301.htm" />
  <HelpKINode Title="XtFatalCallback delegate" Url="html/7514cbcb-542e-9b3d-2a9e-41c35ce4f5b5.htm" />
  <HelpKINode Title="XtFormat class">
    <HelpKINode Title="XtFormat Class" Url="html/0158f0b6-8cf6-0dae-54cd-8dce14a6a5b6.htm" />
    <HelpKINode Title="constructor" Url="html/42dc2174-fe89-4e81-6946-49ea9339ed46.htm" />
    <HelpKINode Title="fields" Url="html/32946967-a953-9c78-8a56-4364a260e2c8.htm" />
    <HelpKINode Title="methods" Url="html/1432d6b8-fe75-fa66-07a4-b6f57491d871.htm" />
  </HelpKINode>
  <HelpKINode Title="XtFormat.inMask field" Url="html/eb49ca5d-14cf-db90-51c4-9a60cead39f4.htm" />
  <HelpKINode Title="XtFormat.inputs field" Url="html/d51baa28-1ecb-5305-fdec-f3f4ce43f004.htm" />
  <HelpKINode Title="XtFormat.mix field" Url="html/12708f72-6dce-31b2-09d1-cee6854c19d8.htm" />
  <HelpKINode Title="XtFormat.outMask field" Url="html/359aaf13-ac67-efa7-5d3c-0a6e13b893fd.htm" />
  <HelpKINode Title="XtFormat.outputs field" Url="html/33a606f1-9bd3-7032-b414-d8a076111f40.htm" />
  <HelpKINode Title="XtFormat.ToString method" Url="html/b1fb4642-a281-9d3e-0748-82177405279a.htm" />
  <HelpKINode Title="XtFormat.XtFormat constructor" Url="html/42dc2174-fe89-4e81-6946-49ea9339ed46.htm" />
  <HelpKINode Title="XtLatency class">
    <HelpKINode Title="XtLatency Class" Url="html/0b71bee2-e9d3-f6e2-084f-72e1db2d9a2d.htm" />
    <HelpKINode Title="constructor" Url="html/0ea3d043-d9ed-11ec-7778-09281be077b5.htm" />
    <HelpKINode Title="fields" Url="html/f2b2624f-7b87-6363-8de2-cec42d47c18c.htm" />
    <HelpKINode Title="methods" Url="html/ed1b01dd-3765-0c69-8ed7-5cf3a9fd7ec7.htm" />
  </HelpKINode>
  <HelpKINode Title="XtLatency.input field" Url="html/9a2ee3a2-5aa8-ac28-f78a-3203123f06f1.htm" />
  <HelpKINode Title="XtLatency.output field" Url="html/d8896ebb-d3b6-1a9e-f5df-521bd2b80a03.htm" />
  <HelpKINode Title="XtLatency.ToString method" Url="html/25ebb0c8-5d75-8eb4-e4aa-3ebb45b5a142.htm" />
  <HelpKINode Title="XtLatency.XtLatency constructor" Url="html/0ea3d043-d9ed-11ec-7778-09281be077b5.htm" />
  <HelpKINode Title="XtLevel enumeration" Url="html/dcf430a2-dd32-fad3-1d04-88bb67639f91.htm" />
  <HelpKINode Title="XtMix class">
    <HelpKINode Title="XtMix Class" Url="html/97a9295e-c270-98af-fd99-557e82a78e2e.htm" />
    <HelpKINode Title="constructor" Url="html/92630c21-f076-040c-55bb-e18d9a81123c.htm" />
    <HelpKINode Title="fields" Url="html/7c5022b2-283c-6884-dbde-463dd9063e7f.htm" />
    <HelpKINode Title="methods" Url="html/bcb146ad-287b-79ba-b70f-e67d78f70444.htm" />
  </HelpKINode>
  <HelpKINode Title="XtMix.rate field" Url="html/7e463073-4264-a520-2c2a-f46446d068ce.htm" />
  <HelpKINode Title="XtMix.sample field" Url="html/8e181e4b-8dbd-dce2-19c0-9c4d3bf7fb97.htm" />
  <HelpKINode Title="XtMix.ToString method" Url="html/5d892177-0a1f-b973-2209-7b186598aee3.htm" />
  <HelpKINode Title="XtMix.XtMix constructor" Url="html/92630c21-f076-040c-55bb-e18d9a81123c.htm" />
  <HelpKINode Title="XtPrint class">
    <HelpKINode Title="XtPrint Class" Url="html/559e397a-21c5-f3a4-c49c-bb939a5a66df.htm" />
    <HelpKINode Title="methods" Url="html/11d2e4ea-341e-2610-d78d-71eda214dfdb.htm" />
  </HelpKINode>
  <HelpKINode Title="XtPrint.AttributesToString method" Url="html/58c15742-4ef5-7efe-27d3-a552d88c3a89.htm" />
  <HelpKINode Title="XtPrint.BufferToString method" Url="html/f5f55a5e-a315-e36a-27e6-a0aa48426e67.htm" />
  <HelpKINode Title="XtPrint.CapabilitiesToString method" Url="html/86fa6349-46da-7f11-8011-56731993bbee.htm" />
  <HelpKINode Title="XtPrint.CauseToString method" Url="html/ae9c026a-f7e0-7748-be66-de0d047f8b8a.htm" />
  <HelpKINode Title="XtPrint.ChannelsToString method" Url="html/a6de0f82-e06c-e922-21ed-a4851970f52a.htm" />
  <HelpKINode Title="XtPrint.ErrorToString method" Url="html/b96bf53a-e0ef-7e93-d27d-5ca651159687.htm" />
  <HelpKINode Title="XtPrint.FormatToString method" Url="html/02769e17-dce3-613e-6e31-ce4566a6f5d9.htm" />
  <HelpKINode Title="XtPrint.LatencyToString method" Url="html/62caec44-9def-22da-2251-4aa2d0e4e980.htm" />
  <HelpKINode Title="XtPrint.LevelToString method" Url="html/13b4bc2b-5f6d-dc9e-e6bd-268224567663.htm" />
  <HelpKINode Title="XtPrint.MixToString method" Url="html/1800e456-ea4d-ebe5-e69f-56d3a1314eee.htm" />
  <HelpKINode Title="XtPrint.SampleToString method" Url="html/07c3011f-7da6-b625-2d66-045247a9f20c.htm" />
  <HelpKINode Title="XtPrint.SetupToString method" Url="html/fad5081f-f918-3a83-e5d4-c513a126d34d.htm" />
  <HelpKINode Title="XtPrint.SystemToString method" Url="html/afc0e030-1773-4860-4459-5ee9f93b5e38.htm" />
  <HelpKINode Title="XtSample enumeration" Url="html/eb8b401f-1f73-ef09-1841-991b5ed54282.htm" />
  <HelpKINode Title="XtService class">
    <HelpKINode Title="XtService Class" Url="html/007ab092-40f1-1cf0-f1d5-81075faf43f1.htm" />
    <HelpKINode Title="methods" Url="html/18f35cb7-6a66-bd9a-bf9a-da94ffcae9c0.htm" />
  </HelpKINode>
  <HelpKINode Title="XtService.AggregateStream method" Url="html/c95ed7ba-9062-d9c6-baf9-d4667ee2bea2.htm" />
  <HelpKINode Title="XtService.GetCapabilities method" Url="html/d8522183-6302-3995-fbe0-436018164d00.htm" />
  <HelpKINode Title="XtService.GetDeviceCount method" Url="html/8f34616c-c416-9a20-1b19-e792085a4a08.htm" />
  <HelpKINode Title="XtService.GetName method" Url="html/9deba804-a407-2b2e-2fde-9c8507ff5528.htm" />
  <HelpKINode Title="XtService.GetSystem method" Url="html/ff345d86-919e-ae2c-7d2b-7fdf0d593bc0.htm" />
  <HelpKINode Title="XtService.OpenDefaultDevice method" Url="html/1e9929cb-9b31-f40a-af0a-e8da6b12823b.htm" />
  <HelpKINode Title="XtService.OpenDevice method" Url="html/fc131827-3eb6-0db7-16d8-2edf35bfa1cc.htm" />
  <HelpKINode Title="XtService.ToString method" Url="html/6a4b0b05-c76e-c9b7-6445-38d847736cbf.htm" />
  <HelpKINode Title="XtSetup enumeration" Url="html/cc4a6dfc-3b77-3c50-483a-9ebcaee134c7.htm" />
  <HelpKINode Title="XtStream class">
    <HelpKINode Title="XtStream Class" Url="html/a96c08ba-c8bc-e573-34fe-4d448c282d16.htm" />
    <HelpKINode Title="methods" Url="html/62d2e4b5-2468-6ffa-a93d-67e7d3356fae.htm" />
  </HelpKINode>
  <HelpKINode Title="XtStream.Dispose method" Url="html/468995de-b798-13c2-e8cc-055a5b594a2e.htm" />
  <HelpKINode Title="XtStream.GetFormat method" Url="html/aa349ee5-52ad-e19e-d73b-2a11ad738033.htm" />
  <HelpKINode Title="XtStream.GetFrames method" Url="html/7df7ad8f-cd17-c563-3de8-4302810b5e18.htm" />
  <HelpKINode Title="XtStream.GetLatency method" Url="html/73dd3872-0a83-f08f-5882-50b4edfadfdc.htm" />
  <HelpKINode Title="XtStream.GetSystem method" Url="html/d85138e9-484b-6c76-4437-d560b06a53c4.htm" />
  <HelpKINode Title="XtStream.IsInterleaved method" Url="html/e4b082cd-d6b5-f2f7-c2d2-0ff4de56b724.htm" />
  <HelpKINode Title="XtStream.IsRaw method" Url="html/7acbd33e-adf5-e734-54ec-4371ee22fb52.htm" />
  <HelpKINode Title="XtStream.Start method" Url="html/f41fdb24-c97c-d335-b17c-952d6744d63a.htm" />
  <HelpKINode Title="XtStream.Stop method" Url="html/d00cd3ab-6854-9886-35ae-c17dffa2158d.htm" />
  <HelpKINode Title="XtStreamCallback delegate" Url="html/ebd44fb3-4d78-09a0-3e10-018dcab4e4f4.htm" />
  <HelpKINode Title="XtSystem enumeration" Url="html/7ffff37f-804b-9679-72c3-64bd0d1b3348.htm" />
  <HelpKINode Title="XtTraceCallback delegate" Url="html/097bba76-7708-9980-6241-beefe25ebfc3.htm" />
  <HelpKINode Title="XtXRunCallback delegate" Url="html/33a61f65-25af-9d66-0e13-12d107ff2b94.htm" />
</HelpKI>
