﻿<?xml version="1.0" encoding="utf-8"?><HelpTOCNode Title="XtService Methods" Url="html/18f35cb7-6a66-bd9a-bf9a-da94ffcae9c0.htm"><HelpTOCNode Title="AggregateStream Method " Url="html/c95ed7ba-9062-d9c6-baf9-d4667ee2bea2.htm" /><HelpTOCNode Title="GetCapabilities Method " Url="html/d8522183-6302-3995-fbe0-436018164d00.htm" /><HelpTOCNode Title="GetDeviceCount Method " Url="html/8f34616c-c416-9a20-1b19-e792085a4a08.htm" /><HelpTOCNode Title="GetName Method " Url="html/9deba804-a407-2b2e-2fde-9c8507ff5528.htm" /><HelpTOCNode Title="GetSystem Method " Url="html/ff345d86-919e-ae2c-7d2b-7fdf0d593bc0.htm" /><HelpTOCNode Title="OpenDefaultDevice Method " Url="html/1e9929cb-9b31-f40a-af0a-e8da6b12823b.htm" /><HelpTOCNode Title="OpenDevice Method " Url="html/fc131827-3eb6-0db7-16d8-2edf35bfa1cc.htm" /><HelpTOCNode Title="ToString Method " Url="html/6a4b0b05-c76e-c9b7-6445-38d847736cbf.htm" /></HelpTOCNode>