﻿<?xml version="1.0" encoding="utf-8"?><HelpTOCNode Title="XtAudio Methods" Url="html/27eeaa6b-5ff8-95f9-b6de-14df7b74b628.htm"><HelpTOCNode Title="Dispose Method " Url="html/eb71e57f-790c-887b-6cba-bff8b206a38f.htm" /><HelpTOCNode Title="GetSampleAttributes Method " Url="html/3bad07e9-0ef8-5992-2087-dcacc54fc174.htm" /><HelpTOCNode Title="GetServiceByIndex Method " Url="html/a71459c5-40c3-de0f-c4b9-e7e7469c48b9.htm" /><HelpTOCNode Title="GetServiceBySetup Method " Url="html/700a33cd-bc68-7744-30ec-3f8c55053a58.htm" /><HelpTOCNode Title="GetServiceBySystem Method " Url="html/26bf36db-32c6-91ef-68d6-a29cd5b93e98.htm" /><HelpTOCNode Title="GetServiceCount Method " Url="html/b18de395-e4aa-0135-5a6a-368cc47f27a3.htm" /><HelpTOCNode Title="GetVersion Method " Url="html/a7ec1b62-f505-3fe1-e9fe-ba8bc4c47a67.htm" /><HelpTOCNode Title="IsWin32 Method " Url="html/1b802733-91aa-c8b4-6a43-4f007137ff6b.htm" /></HelpTOCNode>