﻿<?xml version="1.0" encoding="utf-8"?><HelpTOCNode Title="XtDevice Methods" Url="html/7bbc0d4c-354b-8354-2a4f-7e9cc21faae2.htm"><HelpTOCNode Title="Dispose Method " Url="html/21490f0e-138b-0adf-e88e-205f193cc389.htm" /><HelpTOCNode Title="GetBuffer Method " Url="html/ad2905f6-e8cb-bddf-ec40-d907f88378d2.htm" /><HelpTOCNode Title="GetChannelCount Method " Url="html/8d5c1382-28ea-1c48-0000-0b043340fb3d.htm" /><HelpTOCNode Title="GetChannelName Method " Url="html/8008c530-b7f6-21ab-68b5-d56d9fafbacb.htm" /><HelpTOCNode Title="GetMix Method " Url="html/29341ee6-b536-95e7-1ee9-dd56b8e4d16f.htm" /><HelpTOCNode Title="GetName Method " Url="html/5ab3aab6-424e-5b74-2558-eceb8d7a7ca2.htm" /><HelpTOCNode Title="GetSystem Method " Url="html/d95dd0d7-8fe0-61a9-9cda-84b295de33c9.htm" /><HelpTOCNode Title="OpenStream Method " Url="html/209e9d73-db1a-6853-d19c-78ef92f60f9c.htm" /><HelpTOCNode Title="ShowControlPanel Method " Url="html/724b2ad6-672b-35d3-969d-95ae43294537.htm" /><HelpTOCNode Title="SupportsAccess Method " Url="html/009c2a0f-c388-c4c4-4a66-9f0561967da6.htm" /><HelpTOCNode Title="SupportsFormat Method " Url="html/0a3b56e6-f1a6-60c5-812b-573d4bdf47a7.htm" /><HelpTOCNode Title="ToString Method " Url="html/8dbf7246-fd3e-4a77-84bc-9200e0592151.htm" /></HelpTOCNode>