﻿<?xml version="1.0" encoding="utf-8"?><HelpTOCNode Title="Xt" Url="html/e964d1f7-3256-f12a-1bef-f69729672a6b.htm"><HelpTOCNode Title="XtAttributes Class" Url="html/0c6b0065-4010-899a-6ae0-962d918c197e.htm" HasChildren="true" /><HelpTOCNode Title="XtAudio Class" Url="html/08dcc60f-95d9-f198-0c92-8a1df068f432.htm" HasChildren="true" /><HelpTOCNode Title="XtBuffer Class" Url="html/2639342d-2732-57da-da90-2eb2b2636014.htm" HasChildren="true" /><HelpTOCNode Title="XtCapabilities Enumeration" Url="html/5bdcd905-5193-77cb-327f-7b4a3611316c.htm" /><HelpTOCNode Title="XtCause Enumeration" Url="html/69a4c029-2064-d290-0703-6b89de6e2dc2.htm" /><HelpTOCNode Title="XtChannels Class" Url="html/d72d5195-9913-702d-2c6f-2dd95f2ec41c.htm" HasChildren="true" /><HelpTOCNode Title="XtDevice Class" Url="html/59118034-d4f0-642b-f34f-08235851415c.htm" HasChildren="true" /><HelpTOCNode Title="XtException Class" Url="html/6d9715c8-4e0b-b4a2-b981-bdf246d8fb2c.htm" HasChildren="true" /><HelpTOCNode Title="XtFatalCallback Delegate" Url="html/7514cbcb-542e-9b3d-2a9e-41c35ce4f5b5.htm" /><HelpTOCNode Title="XtFormat Class" Url="html/0158f0b6-8cf6-0dae-54cd-8dce14a6a5b6.htm" HasChildren="true" /><HelpTOCNode Title="XtLatency Class" Url="html/0b71bee2-e9d3-f6e2-084f-72e1db2d9a2d.htm" HasChildren="true" /><HelpTOCNode Title="XtLevel Enumeration" Url="html/dcf430a2-dd32-fad3-1d04-88bb67639f91.htm" /><HelpTOCNode Title="XtMix Class" Url="html/97a9295e-c270-98af-fd99-557e82a78e2e.htm" HasChildren="true" /><HelpTOCNode Title="XtPrint Class" Url="html/559e397a-21c5-f3a4-c49c-bb939a5a66df.htm" HasChildren="true" /><HelpTOCNode Title="XtSample Enumeration" Url="html/eb8b401f-1f73-ef09-1841-991b5ed54282.htm" /><HelpTOCNode Title="XtService Class" Url="html/007ab092-40f1-1cf0-f1d5-81075faf43f1.htm" HasChildren="true" /><HelpTOCNode Title="XtSetup Enumeration" Url="html/cc4a6dfc-3b77-3c50-483a-9ebcaee134c7.htm" /><HelpTOCNode Title="XtStream Class" Url="html/a96c08ba-c8bc-e573-34fe-4d448c282d16.htm" HasChildren="true" /><HelpTOCNode Title="XtStreamCallback Delegate" Url="html/ebd44fb3-4d78-09a0-3e10-018dcab4e4f4.htm" /><HelpTOCNode Title="XtSystem Enumeration" Url="html/7ffff37f-804b-9679-72c3-64bd0d1b3348.htm" /><HelpTOCNode Title="XtTraceCallback Delegate" Url="html/097bba76-7708-9980-6241-beefe25ebfc3.htm" /><HelpTOCNode Title="XtXRunCallback Delegate" Url="html/33a61f65-25af-9d66-0e13-12d107ff2b94.htm" /></HelpTOCNode>