{
  "colors": {
    "root": {
      "param_label": "FFD3DEE4",
      "part_group_label": "FFFD9A4D",
      "root_background": "FF222222",
      "icon_stroke_color": "FFD3DEE4",
      "icon_pw_stroke_color": "FF2EB8D1",
      "text_edit_text": "FFD3DEE4",
      "text_edit_outline_low": "FF777777",
      "text_edit_outline_high": "FF777777",
      "text_edit_background_low": "FF444444",
      "text_edit_background_high": "FF444444",
      "selector_label_text": "FFFD9A4D",
      "selector_label_outline_low": "FFFD9A4D",
      "selector_label_outline_high": "FFFD9A4D",
      "selector_label_background_low": "FF333333",
      "selector_label_background_high": "FF333333",
      "tooltip_text": "FFD3DEE4",
      "tooltip_outline_low": "FF777777",
      "tooltip_outline_high": "FF777777",
      "tooltip_background_low": "FF333333",
      "tooltip_background_high": "FF333333",
      "dialog_text": "FFD3DEE4",
      "dialog_header_text": "FFFD9A4D",
      "dialog_outline_low": "FF333333",
      "dialog_outline_high": "FF333333",
      "dialog_background_low": "FF777777",
      "dialog_background_high": "FF777777",
      "file_box_background": "FF222222",
      "file_box_title": "FFFD9A4D",
      "file_box_file_text": "FFD3DEE4",
      "file_box_file_background": "FF333333",
      "file_box_label_text": "FFD3DEE4",
      "file_box_label_background": "FF14525D",
      "file_box_button_text": "FFD3DEE4",
      "file_box_button_background": "FF14525D",
      "file_box_selector_text": "FFD3DEE4",
      "file_box_selector_highlight": "FF14525D",
      "file_box_selector_highlight_text": "FFD3DEE4",
      "part_graph_grid": "FF0D363E",
      "part_graph_area": "FFFD9A4D",
      "part_graph_line": "FFFD9A4D",
      "part_graph_fill_low": "FF111111",
      "part_graph_fill_high": "FF111111",
      "part_graph_outline_low": "FFFD9A4D",
      "part_graph_outline_high": "FFFD9A4D",
      "part_group_container_fill_low": "FF0D363E",
      "part_group_container_fill_high": "FF0D363E",
      "part_group_container_outline_low": "FF259AAE",
      "part_group_container_outline_high": "FF259AAE",
      "button_text": "FFD3DEE4",
      "button_outline_low": "FFFD9A4D",
      "button_outline_high": "FFFD9A4D",
      "button_background_low": "FF0D363E",
      "button_background_high": "FF0D363E",
      "button_over_background_low": "FF145561",
      "button_over_background_high": "FF145561",
      "button_down_background_low": "FF1C7485",
      "button_down_background_high": "FF1C7485",
      "tab_button_text": "FFD3DEE4",
      "tab_button_outline_low": "FFFD9A4D",
      "tab_button_outline_high": "FFFD9A4D",
      "tab_button_background_low": "FF333333",
      "tab_button_background_high": "FF333333",
      "tab_button_highlight_background_low": "FF14525D",
      "tab_button_highlight_background_high": "FF14525D",
      "dropdown_text": "FFD3DEE4",
      "dropdown_outline_low": "FFFD9A4D",
      "dropdown_outline_high": "FFFD9A4D",
      "dropdown_background_low": "FF444444",
      "dropdown_background_high": "FF444444",
      "dropdown_highlight_background_low": "FF14525D",
      "dropdown_highlight_background_high": "FF14525D",
      "dropdown_tick_spot_fill_low": "00000000",
      "dropdown_tick_spot_fill_high": "00000000",
      "dropdown_tick_gradient_fill_low": "FF2EB8D1",
      "dropdown_tick_gradient_fill_high": "FF2EB8D1",
      "knob_highlight_low": "FF444444",
      "knob_highlight_high": "FF444444",
      "knob_outline_low": "FF2EB8D1",
      "knob_outline_high": "FF2EB8D1",
      "knob_outline_inactive": "FF555555",
      "knob_cuts_inward_low": "00000000",
      "knob_cuts_outward_low": "00000000",
      "knob_cuts_inward_high": "00000000",
      "knob_cuts_outward_high": "00000000",
      "knob_thumb_inward_low": "FF2EB8D1",
      "knob_thumb_outward_low": "FF2EB8D1",
      "knob_thumb_inward_high": "FF2EB8D1",
      "knob_thumb_outward_high": "FF2EB8D1",
      "knob_center_stroke_low": "00000000",
      "knob_center_stroke_high": "00000000",
      "knob_spot_fill_low": "00000000",
      "knob_spot_fill_high": "00000000",
      "knob_gradient_fill_low": "00000000",
      "knob_gradient_fill_high": "00000000",
      "slider_center_fill": "FFFD9A4D",
      "slider_track_low": "FF2EB8D1",
      "slider_track_high": "FF2EB8D1",
      "slider_track_inactive": "FF555555",
      "slider_highlight_low": "00000000",
      "slider_highlight_high": "00000000",
      "slider_spot_fill_low": "00000000",
      "slider_spot_fill_high": "00000000",
      "slider_gradient_fill_low": "00000000",
      "slider_gradient_fill_high": "00000000",
      "switch_outline_low": "FF2EB8D1",
      "switch_outline_high": "FF2EB8D1",
      "switch_spot_fill_low": "00000000",
      "switch_spot_fill_high": "00000000",
      "switch_gradient_fill_low_on": "FFFD9A4D",
      "switch_gradient_fill_high_on": "FFFD9A4D",
      "switch_gradient_fill_center_low": "FF444444",
      "switch_gradient_fill_center_high": "FF444444"
    },
    "audio": {
    },
    "cv": {
    }
  }
}